company, number of apps
app.radio,1044
app.android,1031
guide.travel,948
launcher.theme,713
pack.kustom,701
theme.launcher,625
prod.android,607
android.mobile,572
editor.photo,513
android.app,499
wallpaper.launcher,479
drivermachine.passenger,377
weather.android,365
app.language,324
br.com,321
drivermachine.taxi,314
Ringtones.Music,297
mesotheliomalawfirm.toptrandresepmasakanapps,286
frames.photo,283
user.app,275
wallpaper.live,273
frame.photo,256
games.shooting,245
free.app,233
app.mobile,231
radiostationtunner.fmradioonline,229
app.com,219
game.shooting,217
theme.wallpapers,216
myapplication.com,215
dev.radiofm,213
cardcontrol.wallet,211
wallpapers.theme,207
taximachine.passenger,204
taximachine.taxi,204
simulator.driving,204
com.mundointapp,195
own.store,189
game.puzzle,184
translator.dictionary,183
book.coloring,181
beautiful.free,178
mesotheliomalawfirm.doadoadandoa,177
com.zopoz,172
info.manitdev,170
games.free,169
station.app,158
app.keyboard,156
food.restaurant,154
game.simulator,151
Offline.Audio,149
com.globalnoticeboard,146
android.game,144
googleplay.android,142
mesotheliomalawfirm.citarasakuliner,140
hd.wallpaper,139
web.kr,137
apk.nt,137
images.wallpaper,135
hdwallpaper.wallpaper,133
screen.lock,132
novel.urdu,132
game.free,130
live.mobilebanking,130
com.app,128
puzzle.door,128
sh.music,127
production.mobile,126
gratis.notizie,125
event_calendar.holidays,124
launcher.wallpaper,123
ringtones.sounds,120
lifeinsurancetrandingforexonline.newapps,118
android.client,117
ui.android,113
net.fitcoapp,110
mobile.schoolwires,109
wallpapers.live,108
waste.recollect,107
onlineforexinsurance.citarasakuliner,107
mesotheliaomalawfirm.kumpulanramuanherbal,106
art.pixel,102
free.game,102
girls.theme,101
games.simulator,97
number.by,97
uk.co,96
HD.wallpaper,96
games.driving,95
wallpaper.hd,95
Launcher.Theme,95
lwp.clock,95
www.clienteonline,94
wallpaper.android,93
Ringtone.Offline,93
offline.mp3,93
downloader.video,92
wallpapers.background,90
games.racing,90
fm.radio,89
